City_ID,City,Country,Date,Lat,Lng,Max Temp,Humidity,Cloudiness,Wind Speed
0,Dingle,PH,2022-10-22 18:33:00,10.9995,122.6711,76.24,91,100,5.28
1,Bali Chak,IN,2022-10-22 18:33:01,22.3667,87.55,73.69,76,100,7.65
2,Rikitea,PF,2022-10-22 18:33:01,-23.1203,-134.9692,71.38,81,100,22.55
3,Chapais,CA,2022-10-22 18:33:02,49.7834,-74.8492,55.18,60,77,10.02
4,Mataura,NZ,2022-10-22 18:33:02,-46.1927,168.8643,42.75,83,12,3.0
5,Sorong,ID,2022-10-22 18:33:03,-0.8833,131.25,78.48,88,100,7.54
6,Vaini,TO,2022-10-22 18:33:04,-21.2,-175.2,74.21,81,95,27.67
7,Albany,US,2022-10-22 18:30:10,42.6001,-73.9662,68.72,40,0,5.91
8,Hilo,US,2022-10-22 18:33:06,19.7297,-155.09,77.29,96,100,4.61
9,Butaritari,KI,2022-10-22 18:31:49,3.0707,172.7902,80.82,69,100,10.16
10,Longyearbyen,SJ,2022-10-22 18:33:07,78.2186,15.6401,21.04,58,40,10.36
11,Mount Isa,AU,2022-10-22 18:33:08,-20.7333,139.5,77.49,23,0,7.78
12,Cidreira,BR,2022-10-22 18:32:26,-30.1811,-50.2056,68.31,68,27,9.98
13,Busselton,AU,2022-10-22 18:30:34,-33.65,115.3333,56.68,80,76,5.53
14,Bredasdorp,ZA,2022-10-22 18:33:09,-34.5322,20.0403,61.86,88,0,12.84
15,Kudahuvadhoo,MV,2022-10-22 18:33:10,2.6708,72.8944,81.46,73,43,15.95
16,Puerto Ayora,EC,2022-10-22 18:33:11,-0.7393,-90.3518,73.36,86,79,5.01
17,Oktyabrskoye,RU,2022-10-22 18:33:12,43.0645,44.7417,35.74,93,34,6.71
18,Punta Arenas,CL,2022-10-22 18:33:14,-53.15,-70.9167,48.31,71,75,12.66
19,Kavaratti,IN,2022-10-22 18:33:14,10.5669,72.642,81.55,77,24,5.77
20,Bluff,NZ,2022-10-22 18:33:15,-46.6,168.3333,45.25,83,41,10.63
21,Necochea,AR,2022-10-22 18:33:16,-38.5473,-58.7368,52.29,45,0,10.16
22,Synya,RU,2022-10-22 18:33:16,65.3718,58.0387,27.84,89,38,8.34
23,Tessalit,ML,2022-10-22 18:33:17,20.1986,1.0114,82.45,15,100,10.83
24,Loandjili,CG,2022-10-22 18:33:18,-4.7561,11.8578,77.94,87,44,8.48
25,Saskylakh,RU,2022-10-22 18:33:18,71.9167,114.0833,7.02,97,58,6.93
26,Zabaykalsk,RU,2022-10-22 18:33:11,49.6333,117.3167,26.85,68,8,5.84
27,Airai,TL,2022-10-22 18:33:19,-8.9266,125.4092,62.04,81,36,1.7
28,Mikhaylovka,RU,2022-10-22 18:33:20,50.06,43.2379,39.78,72,100,4.32
29,Flin Flon,CA,2022-10-22 18:33:22,54.7682,-101.865,42.64,49,20,3.44
30,Shelburne,CA,2022-10-22 18:33:23,44.0787,-80.2041,70.25,47,12,15.61
31,Bethel,US,2022-10-22 18:32:07,41.3712,-73.414,69.64,46,0,8.05
32,Vila,PT,2022-10-22 18:33:24,42.0304,-8.1588,47.28,93,100,9.4
33,Constitucion,CL,2022-10-22 18:33:25,-35.3333,-72.4167,60.24,61,71,9.35
34,Marsh Harbour,BS,2022-10-22 18:33:26,26.5412,-77.0636,79.09,67,3,14.14
35,Fairbanks,US,2022-10-22 18:33:26,64.8378,-147.7164,33.1,95,100,3.44
36,Oranjemund,NA,2022-10-22 18:33:27,-28.55,16.4333,59.14,88,5,6.51
37,Caravelas,BR,2022-10-22 18:33:27,-17.7125,-39.2481,79.47,69,100,9.95
38,Tiznit,MA,2022-10-22 18:33:28,29.5833,-9.5,79.11,20,9,6.67
39,Klaksvik,FO,2022-10-22 18:33:30,62.2266,-6.589,43.72,75,100,16.13
40,Deputatskiy,RU,2022-10-22 18:33:30,69.3,139.9,-2.81,96,96,5.55
41,Dubbo,AU,2022-10-22 18:33:31,-32.25,148.6167,59.0,98,100,4.56
42,Suoyarvi,RU,2022-10-22 18:33:34,62.0833,32.35,40.64,91,100,11.36
43,Namibe,AO,2022-10-22 18:34:35,-15.1961,12.1522,69.01,81,26,3.65
44,Santo Tomas,PH,2022-10-22 18:34:35,14.1079,121.1414,80.85,95,100,3.27
45,Upernavik,GL,2022-10-22 18:33:48,72.7868,-56.1549,32.88,99,100,12.06
46,Brae,GB,2022-10-22 18:34:38,60.3964,-1.353,51.55,93,58,14.05
47,Portland,US,2022-10-22 18:34:01,45.5234,-122.6762,54.99,88,75,10.36
48,Thompson,CA,2022-10-22 18:34:00,55.7435,-97.8558,37.56,70,40,0.0
49,Kapaa,US,2022-10-22 18:31:55,22.0752,-159.319,80.58,90,40,11.5
50,Tasiilaq,GL,2022-10-22 18:33:59,65.6145,-37.6368,32.16,96,100,15.46
51,Georgetown,MY,2022-10-22 18:31:54,5.4112,100.3354,80.89,89,20,7.0
52,Atuona,PF,2022-10-22 18:31:48,-9.8,-139.0333,76.03,74,23,15.57
53,Yellowknife,CA,2022-10-22 18:34:40,62.456,-114.3525,27.12,80,40,9.22
54,Torbay,CA,2022-10-22 18:34:41,47.6666,-52.7314,60.58,65,40,13.8
55,Olkhovka,RU,2022-10-22 18:34:41,53.2115,60.6069,29.14,71,6,11.81
56,Juneau,US,2022-10-22 18:30:31,58.3019,-134.4197,43.21,97,75,3.44
57,Cape Town,ZA,2022-10-22 18:30:24,-33.9258,18.4232,70.38,74,0,13.8
58,Dikson,RU,2022-10-22 18:33:09,73.5069,80.5464,27.09,92,100,15.97
59,Hermanus,ZA,2022-10-22 18:32:21,-34.4187,19.2345,65.8,81,1,14.05
60,Bambous Virieux,MU,2022-10-22 18:33:17,-20.3428,57.7575,73.65,78,40,8.05
61,Haverfordwest,GB,2022-10-22 18:34:47,51.8017,-4.9691,59.58,95,100,1.01
62,Chokurdakh,RU,2022-10-22 18:34:48,70.6333,147.9167,14.25,95,100,11.39
63,Kato Soulion,GR,2022-10-22 18:34:48,38.1667,24.0,66.43,83,0,0.72
64,Mar Del Plata,AR,2022-10-22 18:34:49,-38.0023,-57.5575,54.95,61,40,12.66
65,Cabo San Lucas,MX,2022-10-22 18:34:16,22.8909,-109.9124,91.62,70,94,9.42
66,Karla,EE,2022-10-22 18:34:50,59.3723,24.9275,37.36,93,0,2.3
67,Sorland,NO,2022-10-22 18:34:50,67.667,12.6934,39.06,64,100,28.19
68,Laguna,US,2022-10-22 18:34:51,38.421,-121.4238,71.15,59,20,10.36
69,Mmabatho,ZA,2022-10-22 18:34:51,-25.85,25.6333,78.76,31,0,2.3
70,Port Alfred,ZA,2022-10-22 18:34:52,-33.5906,26.891,66.18,82,42,4.0
71,Jamestown,US,2022-10-22 18:31:01,42.097,-79.2353,71.19,29,0,12.66
72,Malakal,SS,2022-10-22 18:34:53,9.5334,31.6605,72.09,95,66,5.73
73,Pokhara,NP,2022-10-22 18:34:53,28.2333,83.9833,60.46,42,0,8.16
74,Lompoc,US,2022-10-22 18:34:01,34.6391,-120.4579,66.78,74,100,4.61
75,Ushuaia,AR,2022-10-22 18:33:52,-54.8,-68.3,47.86,76,75,11.5
76,College,US,2022-10-22 18:34:55,64.8569,-147.8028,33.08,95,100,3.44
77,Puerto Escondido,MX,2022-10-22 18:34:55,15.85,-97.0667,86.83,54,20,3.44
78,Alice Springs,AU,2022-10-22 18:30:13,-23.7,133.8833,69.35,60,14,6.91
79,Vizinga,RU,2022-10-22 18:34:56,61.0749,50.1031,28.27,87,35,5.93
80,Narsaq,GL,2022-10-22 18:34:56,60.9167,-46.05,39.42,96,100,3.65
81,Luderitz,NA,2022-10-22 18:34:58,-26.6481,15.1594,61.68,74,1,19.48
82,Vao,NC,2022-10-22 18:34:43,-22.6667,167.4833,72.12,70,100,25.05
83,Zaragoza,ES,2022-10-22 18:30:01,41.6561,-0.8773,72.05,64,20,10.36
84,Qaanaaq,GL,2022-10-22 18:34:59,77.484,-69.3632,18.68,72,100,6.17
85,Hobart,AU,2022-10-22 18:35:00,-42.8794,147.3294,50.25,81,40,6.91
86,Abashiri,JP,2022-10-22 18:35:01,44.0213,144.2697,51.94,89,29,21.47
87,Kodiak,US,2022-10-22 18:36:03,57.79,-152.4072,36.91,87,100,4.61
88,Ust-Maya,RU,2022-10-22 18:33:20,60.4167,134.5333,5.76,99,86,0.85
89,Alekseyevka,RU,2022-10-22 18:36:04,50.6309,38.6903,42.13,66,100,5.61
90,Leh,IN,2022-10-22 18:36:05,34.1667,77.5833,30.45,41,0,1.54
91,San Juan,AR,2022-10-22 18:35:48,-31.5375,-68.5364,66.76,38,0,3.53
92,Itarema,BR,2022-10-22 18:35:25,-2.9248,-39.9167,83.16,69,72,16.87
93,Nago,JP,2022-10-22 18:36:06,26.5881,127.9761,77.45,88,2,3.89
94,Havre-Saint-Pierre,CA,2022-10-22 18:36:07,50.2334,-63.5986,55.76,58,0,12.66
95,Bathsheba,BB,2022-10-22 18:36:08,13.2167,-59.5167,88.41,70,40,12.66
96,Port Hedland,AU,2022-10-22 18:36:08,-20.3167,118.5667,73.45,73,0,12.66
97,Dwarka,IN,2022-10-22 18:36:09,22.2394,68.9678,84.16,47,0,16.84
98,Ponta Do Sol,PT,2022-10-22 18:32:17,32.6667,-17.1,73.0,79,100,8.86
99,Rio Grande,BR,2022-10-22 18:36:10,-32.035,-52.0986,78.91,75,91,7.07
100,Tuktoyaktuk,CA,2022-10-22 18:36:11,69.4541,-133.0374,15.8,86,20,8.05
101,Sambava,MG,2022-10-22 18:36:11,-14.2667,50.1667,71.33,90,39,8.05
102,Humaita,BR,2022-10-22 18:36:12,-7.5061,-63.0208,88.75,57,100,3.58
103,Ambilobe,MG,2022-10-22 18:36:12,-13.2,49.05,71.64,81,1,2.42
104,Askiz,RU,2022-10-22 18:36:13,53.1319,90.5264,42.8,74,100,4.97
105,Avarua,CK,2022-10-22 18:34:06,-21.2078,-159.775,78.85,83,40,5.75
106,Pedernales,DO,2022-10-22 18:36:14,18.0384,-71.744,85.93,62,10,6.76
107,Srednekolymsk,RU,2022-10-22 18:36:15,67.45,153.6833,6.42,95,100,10.85
108,Nikolskoye,RU,2022-10-22 18:36:16,59.7035,30.7861,42.69,88,46,5.91
109,Bud,US,2022-10-22 18:36:16,39.447,-86.1758,77.2,50,100,16.87
110,Saint-Joseph,RE,2022-10-22 18:36:17,-21.3667,55.6167,71.98,84,100,5.95
111,Koumac,NC,2022-10-22 18:36:18,-20.5667,164.2833,75.06,76,100,6.29
112,Pishin,PK,2022-10-22 18:36:19,30.5803,66.9961,58.53,18,0,1.41
113,Kysyl-Syr,RU,2022-10-22 18:32:27,63.8986,122.7617,14.95,99,100,2.3
114,Chunoyar,RU,2022-10-22 18:36:20,57.4467,97.3217,41.97,95,100,5.73
115,Rush,IE,2022-10-22 18:36:20,53.5223,-6.0931,59.95,91,75,5.75
116,Minggang,CN,2022-10-22 18:36:21,32.4586,114.0486,62.78,48,0,6.15
117,North Bend,US,2022-10-22 18:36:22,43.4065,-124.2243,55.92,94,20,6.91
118,Saint-Philippe,RE,2022-10-22 18:36:22,-21.3585,55.7679,72.99,85,100,10.85
119,Lasa,IT,2022-10-22 18:36:23,46.6166,10.7002,52.68,85,5,1.05
120,Hit,IQ,2022-10-22 18:36:24,33.6416,42.8251,75.07,48,6,17.58
121,Sitka,US,2022-10-22 18:32:44,57.0531,-135.33,44.49,81,0,5.75
122,Geraldton,AU,2022-10-22 18:36:25,-28.7667,114.6,55.81,94,40,0.0
123,Touros,BR,2022-10-22 18:36:25,-5.1989,-35.4608,81.25,65,10,13.85
124,Ancud,CL,2022-10-22 18:36:31,-41.8697,-73.8203,53.26,58,100,8.93
125,Kruisfontein,ZA,2022-10-22 18:36:31,-34.0033,24.7314,64.89,95,7,5.82
126,Bilma,NE,2022-10-22 18:36:32,18.6853,12.9164,80.44,16,0,8.03
127,Nyurba,RU,2022-10-22 18:36:32,63.2842,118.3319,12.29,98,80,3.53
128,Mbini,GQ,2022-10-22 18:36:33,1.574,9.6134,79.2,84,100,5.26
129,Faanui,PF,2022-10-22 18:34:38,-16.4833,-151.75,79.54,74,63,17.11
130,Maceio,BR,2022-10-22 18:33:28,-9.6658,-35.7353,85.44,61,40,18.41
131,Heyang,CN,2022-10-22 18:36:36,26.1011,107.473,63.95,84,89,4.45
132,Novosheshminsk,RU,2022-10-22 18:36:36,55.0651,51.2338,31.41,68,89,5.61
133,Pevek,RU,2022-10-22 18:36:37,69.7008,170.3133,20.19,96,100,8.79
134,Carbonear,CA,2022-10-22 18:36:37,47.7332,-53.2148,61.43,65,0,11.03
135,Port Elizabeth,ZA,2022-10-22 18:36:38,-33.918,25.5701,67.1,92,20,12.66
136,Hasaki,JP,2022-10-22 18:37:40,35.7333,140.8333,57.22,76,51,13.02
137,Sept-Iles,CA,2022-10-22 18:35:22,50.2001,-66.3821,51.06,69,75,5.75
138,Severo-Kurilsk,RU,2022-10-22 18:33:20,50.6789,156.125,38.97,78,98,4.88
139,Kaitangata,NZ,2022-10-22 18:37:41,-46.2817,169.8464,46.15,87,23,4.85
140,Dzaoudzi,YT,2022-10-22 18:37:42,-12.7887,45.2699,76.89,78,0,2.3
141,Carnarvon,AU,2022-10-22 18:34:15,-24.8667,113.6333,67.24,79,0,12.57
142,Arraial Do Cabo,BR,2022-10-22 18:37:43,-22.9661,-42.0278,76.96,83,75,16.11
143,Anadyr,RU,2022-10-22 18:37:43,64.75,177.4833,27.1,93,100,8.95
144,Nizhniy Odes,RU,2022-10-22 18:37:44,63.6445,54.856,28.2,83,36,7.45
145,Stokmarknes,NO,2022-10-22 18:37:44,68.5646,14.9108,39.18,75,75,27.63
146,Eregli,TR,2022-10-22 18:37:45,37.5133,34.0467,48.54,46,0,1.95
147,Nhulunbuy,AU,2022-10-22 18:37:45,-12.2333,136.7667,82.29,80,18,9.08
148,Victoria,HK,2022-10-22 18:36:05,22.2855,114.1577,80.65,79,99,3.0
149,Bontang,ID,2022-10-22 18:37:46,0.1333,117.5,75.78,91,100,4.65
150,Tiksi,RU,2022-10-22 18:37:47,71.6872,128.8694,14.52,95,100,5.59
151,Badhni Kalan,IN,2022-10-22 18:37:47,30.6833,75.2833,70.84,42,0,3.49
152,Xucheng,CN,2022-10-22 18:37:48,20.35,110.1288,72.03,79,26,2.13
153,Gazli,UZ,2022-10-22 18:37:48,40.1333,63.45,54.66,57,100,13.13
154,Pisco,PE,2022-10-22 18:34:14,-13.7,-76.2167,66.02,72,0,11.5
155,Iqaluit,CA,2022-10-22 18:37:49,63.7506,-68.5145,35.33,87,100,12.66
156,Bengkulu,ID,2022-10-22 18:37:49,-3.8004,102.2655,77.04,83,100,3.76
157,Keti Bandar,PK,2022-10-22 18:37:50,24.1447,67.4497,83.07,54,0,3.31
158,Majene,ID,2022-10-22 18:37:51,-3.5403,118.9707,77.85,85,73,3.04
159,Noshiro,JP,2022-10-22 18:37:52,40.2039,140.0242,55.67,76,50,11.27
160,Porto Murtinho,BR,2022-10-22 18:37:53,-21.6989,-57.8825,87.71,35,3,9.71
161,Petropavl,KZ,2022-10-22 18:37:53,54.8753,69.1628,32.5,65,100,16.06
162,Shaoxing,CN,2022-10-22 18:37:54,30.011,120.5715,67.95,90,37,3.42
163,Clyde River,CA,2022-10-22 18:37:55,70.4692,-68.5914,23.23,93,100,8.05
164,Mildura,AU,2022-10-22 18:37:56,-34.2,142.15,60.08,89,100,10.78
165,Hovd,MN,2022-10-22 18:37:57,48.0056,91.6419,38.64,40,6,5.37
166,Gaoual,GN,2022-10-22 18:37:58,11.75,-13.2,78.51,84,16,2.98
167,Mahebourg,MU,2022-10-22 18:37:58,-20.4081,57.7,73.69,78,40,8.05
168,Mill Valley,US,2022-10-22 18:37:59,37.906,-122.545,69.93,62,100,8.01
169,Hualmay,PE,2022-10-22 18:37:59,-11.0964,-77.6139,67.46,68,79,9.69
170,Nainpur,IN,2022-10-22 18:38:00,22.4333,80.1167,63.68,79,0,3.31
171,Lingolsheim,FR,2022-10-22 18:38:01,48.5575,7.6825,62.69,88,0,2.3
172,Aliwal North,ZA,2022-10-22 18:38:02,-30.6937,26.7114,63.7,64,73,11.9
173,Kharp,RU,2022-10-22 18:38:02,66.8014,65.8081,26.35,90,82,6.78
174,Wamba,NG,2022-10-22 18:38:03,8.9333,8.6,76.21,60,9,3.22
175,Salalah,OM,2022-10-22 18:38:05,17.0151,54.0924,82.49,65,0,4.61
176,Biltine,TD,2022-10-22 18:38:07,14.5333,20.9167,85.86,27,36,1.3
177,Pop,UZ,2022-10-22 18:38:08,40.8736,71.1089,54.09,35,100,3.02
178,Muromtsevo,RU,2022-10-22 18:38:08,56.3724,75.2418,34.84,80,100,12.93
179,Vasterhaninge,SE,2022-10-22 18:38:09,59.1167,18.1,48.67,95,100,5.01
180,Roma,US,2022-10-22 18:38:09,43.2128,-75.4557,72.82,32,0,6.91
181,Ilulissat,GL,2022-10-22 18:38:10,69.2167,-51.1,35.62,93,75,6.91
182,Castro,BR,2022-10-22 18:39:13,-24.7911,-50.0119,72.55,57,6,5.3
183,Arman,RU,2022-10-22 18:39:15,59.7,150.1667,14.94,65,100,8.68
184,Lavrentiya,RU,2022-10-22 18:39:18,65.5833,-171.0,31.6,93,60,3.62
185,Vila Franca Do Campo,PT,2022-10-22 18:39:52,37.7167,-25.4333,66.61,73,40,17.43
186,Hirara,JP,2022-10-22 18:39:17,24.8,125.2833,79.92,84,92,10.42
187,Cuamba,MZ,2022-10-22 18:39:56,-14.8031,36.5372,77.79,24,69,5.01
188,Veinticinco De Mayo,AR,2022-10-22 18:36:42,-35.4323,-60.1727,63.99,50,59,5.01
189,Praia Da Vitoria,PT,2022-10-22 18:36:13,38.7333,-27.0667,65.75,94,75,21.68
190,Eyl,SO,2022-10-22 18:39:58,7.9803,49.8164,78.66,82,34,9.19
191,Uglyanets,RU,2022-10-22 18:40:00,51.8191,39.5961,41.09,70,100,6.26
192,Inta,RU,2022-10-22 18:40:01,66.0317,60.1659,28.99,85,94,15.19
193,Bulatukan,PH,2022-10-22 18:40:02,6.9025,125.1608,70.36,95,100,2.26
194,Muros,ES,2022-10-22 18:40:10,42.7762,-9.0603,59.09,84,22,19.04
195,Jipijapa,EC,2022-10-22 18:40:11,-1.3333,-80.5833,72.9,53,63,7.31
196,New Norfolk,AU,2022-10-22 18:40:11,-42.7826,147.0587,49.91,82,100,3.0
197,Joshimath,IN,2022-10-22 18:40:12,30.5667,79.5667,51.78,38,0,6.2
198,Lebu,CL,2022-10-22 18:40:13,-37.6167,-73.65,55.62,65,100,9.75
199,East London,ZA,2022-10-22 18:38:54,-33.0153,27.9116,67.14,68,0,9.22
200,Ankang,CN,2022-10-22 18:39:11,32.68,109.0172,61.0,68,23,1.32
201,Provideniya,RU,2022-10-22 18:40:15,64.3833,-173.3,31.12,96,100,2.66
202,Cockburn Town,TC,2022-10-22 18:40:18,21.4612,-71.1419,82.47,73,31,13.13
203,Ust-Ishim,RU,2022-10-22 18:40:20,57.6935,71.1665,30.11,76,100,6.15
204,Aklavik,CA,2022-10-22 18:40:22,68.2191,-135.0107,14.0,92,75,0.0
205,Yerbogachen,RU,2022-10-22 18:40:23,61.2767,108.0108,31.03,89,100,8.37
206,Coihaique,CL,2022-10-22 18:40:23,-45.5752,-72.0662,60.75,20,0,9.22
207,Salta,AR,2022-10-22 18:40:24,-24.7859,-65.4117,82.99,28,75,18.41
208,La Ronge,CA,2022-10-22 18:40:26,55.1001,-105.2842,41.25,45,40,4.61
209,Beyla,GN,2022-10-22 18:40:30,8.6833,-8.6333,73.42,78,88,3.27
210,Santa Luzia,BR,2022-10-22 18:40:31,-19.7697,-43.8514,84.34,56,75,9.22
211,Kupang,ID,2022-10-22 18:40:32,-10.1667,123.5833,80.38,79,73,3.06
212,Souillac,MU,2022-10-22 18:40:34,-20.5167,57.5167,73.78,78,40,8.05
213,Port Lincoln,AU,2022-10-22 18:35:43,-34.7333,135.8667,57.07,88,100,15.52
214,Katsuura,JP,2022-10-22 18:40:35,35.1333,140.3,68.63,78,6,14.47
215,Chifeng,CN,2022-10-22 18:39:12,42.2683,118.9636,40.42,47,7,5.35
216,Dehloran,IR,2022-10-22 18:40:36,32.6941,47.2679,83.05,26,5,7.58
217,San Patricio,US,2022-10-22 18:40:36,28.017,-97.5169,86.09,43,0,18.37
218,Bendigo,AU,2022-10-22 18:40:37,-36.7667,144.2833,54.64,92,13,5.99
219,Bosaso,SO,2022-10-22 18:40:38,11.2842,49.1816,81.81,75,39,4.85
220,Gaoua,BF,2022-10-22 18:40:39,10.2992,-3.2508,84.81,42,85,2.24
221,Dakar,SN,2022-10-22 18:40:39,14.6937,-17.4441,86.13,74,20,4.61
222,Barrow,US,2022-10-22 18:40:40,71.2906,-156.7887,26.62,86,100,24.16
223,Lagoa,PT,2022-10-22 18:40:41,39.05,-27.9833,64.78,67,100,24.29
224,Khvoynaya,RU,2022-10-22 18:40:41,58.9,34.5333,36.88,93,51,5.41
225,Saquarema,BR,2022-10-22 18:40:43,-22.92,-42.5103,77.14,85,88,7.43
226,Vanavara,RU,2022-10-22 18:40:44,60.34,102.2797,35.56,97,100,9.48
227,Mungwi,ZM,2022-10-22 18:40:44,-10.1732,31.3694,77.0,33,100,2.82
228,Alakurtti,RU,2022-10-22 18:40:45,66.9672,30.3491,37.8,88,100,13.6
229,Margate,GB,2022-10-22 18:41:46,51.3813,1.3862,61.9,88,100,1.99
230,Byron Bay,AU,2022-10-22 18:41:47,-28.65,153.6167,64.94,94,100,11.9
231,Keetmanshoop,NA,2022-10-22 18:41:47,-26.5833,18.1333,86.34,24,100,15.21
232,Ajaccio,FR,2022-10-22 18:41:50,42.0,8.9167,64.45,64,0,5.75
233,Tukan,RU,2022-10-22 18:41:50,53.8409,57.4552,25.99,80,47,5.61
234,Coahuayana,MX,2022-10-22 18:41:51,18.7333,-103.6833,78.58,84,100,2.33
235,Aitape,PG,2022-10-22 18:41:52,-3.1374,142.3475,75.83,87,23,3.42
236,Togur,RU,2022-10-22 18:41:53,58.3631,82.8265,35.58,97,100,7.67
237,Mackenzie,CA,2022-10-22 18:41:54,55.2999,-123.1698,41.22,75,100,4.61
238,Saldanha,ZA,2022-10-22 18:41:55,-33.0117,17.9442,68.05,87,65,13.06
239,Kieta,PG,2022-10-22 18:41:57,-6.2167,155.6333,78.1,83,25,3.0
240,Urucui,BR,2022-10-22 18:41:59,-7.2294,-44.5561,84.24,52,100,6.29
241,Tazovskiy,RU,2022-10-22 18:42:06,67.4667,78.7,28.54,95,100,9.1
242,Leningradskiy,RU,2022-10-22 18:42:24,69.3833,178.4167,26.01,97,100,5.95
243,Tilichiki,RU,2022-10-22 18:42:25,60.4667,166.1,10.2,93,60,6.76
244,Husavik,IS,2022-10-22 18:42:25,66.0449,-17.3389,29.52,77,28,10.94
245,Henties Bay,NA,2022-10-22 18:42:26,-22.116,14.2845,58.91,90,54,7.36
246,Cedar City,US,2022-10-22 18:42:26,37.6775,-113.0619,59.97,33,0,27.63
247,Orikhiv,UA,2022-10-22 18:42:27,47.5673,35.7858,47.62,78,99,9.51
248,Awjilah,LY,2022-10-22 18:42:28,29.1081,21.2869,70.12,44,0,9.46
249,Fortuna,US,2022-10-22 18:42:29,40.5982,-124.1573,59.94,70,40,17.27
250,San Cristobal,VE,2022-10-22 18:42:29,7.7669,-72.225,75.38,62,99,2.26
251,Qaqortoq,GL,2022-10-22 18:42:30,60.7167,-46.0333,36.16,92,100,5.06
252,Chuy,UY,2022-10-22 18:42:30,-33.6971,-53.4616,62.42,85,90,5.06
253,Madimba,TZ,2022-10-22 18:42:31,-10.4,40.3333,76.32,83,20,11.5
254,Hithadhoo,MV,2022-10-22 18:42:32,-0.6,73.0833,81.97,72,41,7.81
255,Te Anau,NZ,2022-10-22 18:42:32,-45.4167,167.7167,43.99,93,39,4.74
256,Buala,SB,2022-10-22 18:42:33,-8.145,159.5921,79.21,82,100,4.79
257,San Joaquin,US,2022-10-22 18:42:33,37.9333,-121.3011,71.67,60,75,10.36
258,Coquimbo,CL,2022-10-22 18:42:34,-29.9533,-71.3436,56.93,82,100,10.36
259,Hermon,US,2022-10-22 18:42:34,44.8101,-68.9134,67.98,50,0,8.05
260,Bantry,IE,2022-10-22 18:42:37,51.6833,-9.45,57.78,91,100,4.85
261,Igarka,RU,2022-10-22 18:42:38,67.4667,86.5833,26.62,91,97,14.38
262,Faya,SA,2022-10-22 18:42:39,18.3851,42.4509,64.92,22,12,8.01
263,Santa Maria,BR,2022-10-22 18:42:40,-29.6842,-53.8069,74.5,50,75,3.44
264,Berlevag,NO,2022-10-22 18:42:41,70.8578,29.0864,37.4,81,100,16.11
265,Teguise,ES,2022-10-22 18:42:42,29.0605,-13.564,71.82,69,20,16.11
266,Rehoboth,NA,2022-10-22 18:42:42,-23.3167,17.0833,78.03,34,37,9.15
267,Kurumkan,RU,2022-10-22 18:42:43,54.3,110.3,27.18,81,43,3.71
268,Dongsheng,CN,2022-10-22 18:42:43,39.8161,109.9776,42.91,34,0,5.86
269,Sivas,TR,2022-10-22 18:42:44,39.7916,37.0019,38.03,87,0,2.3
270,Port Blair,IN,2022-10-22 18:42:45,11.6667,92.75,80.64,89,75,4.61
271,Namatanai,PG,2022-10-22 18:42:45,-3.6667,152.4333,78.98,78,100,3.8
272,Lhokseumawe,ID,2022-10-22 18:42:46,5.1801,97.1507,77.95,86,97,2.08
273,Saint-Max,FR,2022-10-22 18:42:46,48.7043,6.21,63.3,87,0,5.75
274,Dauriya,RU,2022-10-22 18:43:47,49.9333,116.8667,27.07,70,7,4.03
275,Neepawa,CA,2022-10-22 18:43:47,50.2289,-99.4664,52.2,49,100,12.26
276,Harper,LR,2022-10-22 18:43:48,4.375,-7.7169,77.49,87,75,6.64
277,Ionia,US,2022-10-22 18:43:48,42.9873,-85.0711,75.49,39,0,13.8
278,Mangrol,IN,2022-10-22 18:43:49,21.1167,70.1167,81.23,56,0,7.56
279,The Valley,AI,2022-10-22 18:43:50,18.217,-63.0578,87.66,73,2,9.98
280,Bundaberg,AU,2022-10-22 18:43:51,-24.85,152.35,65.21,97,77,1.99
281,Eydhafushi,MV,2022-10-22 18:43:53,5.1033,73.0708,80.85,81,48,13.67
282,Durazno,UY,2022-10-22 18:43:54,-33.4131,-56.5006,59.83,74,99,21.79
283,Moundsville,US,2022-10-22 18:43:55,39.9203,-80.7431,73.15,45,3,1.01
284,Khatanga,RU,2022-10-22 18:43:55,71.9667,102.5,24.91,84,100,13.76
285,Verkhneuralsk,RU,2022-10-22 18:43:56,53.8769,59.2106,28.96,68,6,11.68
286,Tual,ID,2022-10-22 18:43:56,-5.6667,132.75,82.76,78,100,8.34
287,Chara,RU,2022-10-22 18:43:57,56.9064,118.2631,18.34,73,56,1.52
288,Point Pedro,LK,2022-10-22 18:43:58,9.8167,80.2333,79.74,79,100,4.76
289,Kavieng,PG,2022-10-22 18:43:58,-2.5744,150.7967,81.37,68,88,6.38
290,Mana,GF,2022-10-22 18:43:59,5.6592,-53.7767,85.69,66,12,12.03
291,Awash,ET,2022-10-22 18:43:59,8.9833,40.1667,77.4,45,84,4.88
292,Kenai,US,2022-10-22 18:44:00,60.5544,-151.2583,34.14,98,100,11.5
293,Thio,NC,2022-10-22 18:44:00,-21.6167,166.2167,69.76,84,97,14.88
294,La Asuncion,VE,2022-10-22 18:44:01,11.0333,-63.8628,84.69,71,30,14.41
295,Ribeira Grande,PT,2022-10-22 18:44:01,38.5167,-28.7,66.78,63,20,19.57
296,San Roque,ES,2022-10-22 18:44:02,36.2107,-5.3842,68.83,83,0,2.3
297,Severomuysk,RU,2022-10-22 18:44:03,56.1481,113.4267,7.14,85,73,1.66
298,Humboldt,US,2022-10-22 18:44:04,40.6665,-123.9178,52.68,48,0,11.52
299,Xai-Xai,MZ,2022-10-22 18:44:05,-25.0519,33.6442,74.39,80,98,8.3
300,Korfovskiy,RU,2022-10-22 18:44:07,48.2183,135.0564,31.46,96,100,1.72
301,Guilin,CN,2022-10-22 18:44:08,25.2819,110.2864,75.31,32,11,8.48
302,Moron,AR,2022-10-22 18:44:08,-34.6534,-58.6198,58.69,72,96,9.53
303,Napanee,CA,2022-10-22 18:41:59,44.2501,-76.9494,68.58,44,1,11.63
304,Nanortalik,GL,2022-10-22 18:44:09,60.1432,-45.2371,37.92,86,100,3.98
305,Poum,NC,2022-10-22 18:44:10,-20.2333,164.0167,75.43,83,100,28.74
306,Sao Felix Do Xingu,BR,2022-10-22 18:44:11,-6.6447,-51.995,82.31,72,100,2.68
307,Bonthe,SL,2022-10-22 18:44:12,7.5264,-12.505,78.82,82,36,4.21
308,Ongandjera,NA,2022-10-22 18:44:12,-17.8833,15.0667,81.84,31,77,5.91
309,Natal,BR,2022-10-22 18:44:13,-5.795,-35.2094,82.62,61,75,13.8
310,Norman Wells,CA,2022-10-22 18:42:21,65.282,-126.8329,23.04,86,100,0.0
311,Mount Gambier,AU,2022-10-22 18:44:15,-37.8333,140.7667,55.31,94,100,13.8
312,Teya,RU,2022-10-22 18:44:16,60.3778,92.6267,42.15,97,100,8.16
313,Vostok,RU,2022-10-22 18:44:17,46.4856,135.8833,25.21,88,98,2.98
314,Dabakala,CI,2022-10-22 18:44:18,8.3667,-4.4333,80.08,69,45,2.33
315,Marion,US,2022-10-22 18:44:19,39.7684,-86.1555,77.38,49,75,13.8
316,Rio Gallegos,AR,2022-10-22 18:41:34,-51.6226,-69.2181,60.85,20,40,13.8
317,Grand Gaube,MU,2022-10-22 18:44:20,-20.0064,57.6608,73.8,72,5,5.99
318,Nelson Bay,AU,2022-10-22 18:44:20,-32.7167,152.15,65.08,96,100,11.01
319,Vila Velha,BR,2022-10-22 18:44:21,-20.3297,-40.2925,84.15,76,20,19.57
320,Male,MV,2022-10-22 18:45:12,4.1748,73.5089,80.55,89,75,11.5
321,Lazaro Cardenas,MX,2022-10-22 18:45:23,17.9583,-102.2,83.95,65,100,4.18
322,Taksimo,RU,2022-10-22 18:43:08,56.3444,114.8794,19.44,82,62,1.59
323,Acari,PE,2022-10-22 18:45:24,-15.4311,-74.6158,78.44,45,0,10.98
324,Cayenne,GF,2022-10-22 18:45:25,4.9333,-52.3333,89.64,62,0,16.11
325,Isangel,VU,2022-10-22 18:45:26,-19.55,169.2667,74.52,79,100,20.96
326,Gigmoto,PH,2022-10-22 18:45:26,13.7796,124.39,81.01,87,100,8.46
327,Tartagal,AR,2022-10-22 18:40:34,-22.5164,-63.8013,93.18,22,33,7.92
328,Belaya Gora,RU,2022-10-22 18:45:27,68.5333,146.4167,-1.73,95,88,6.06
329,Bonavista,CA,2022-10-22 18:45:30,48.6499,-53.1147,55.87,67,0,11.74
330,Guerrero Negro,MX,2022-10-22 18:45:30,27.9769,-114.0611,75.69,56,49,7.94
331,Mayfield,US,2022-10-22 18:45:31,36.7417,-88.6367,75.09,57,0,6.91
332,Acapulco,MX,2022-10-22 18:43:30,16.8634,-99.8901,83.86,71,98,4.92
333,Ciudad Guayana,VE,2022-10-22 18:45:32,8.3533,-62.6528,90.52,67,100,6.73
334,Kinsale,IE,2022-10-22 18:45:33,51.7075,-8.5306,58.23,100,75,5.75
335,Celestun,MX,2022-10-22 18:45:33,20.8667,-90.4,80.65,52,0,10.33
336,Kangaatsiaq,GL,2022-10-22 18:45:34,68.3065,-53.4641,36.97,87,100,11.14
337,Ola,RU,2022-10-22 18:45:35,59.5833,151.2833,15.62,67,100,10.22
338,Kibala,TD,2022-10-22 18:45:35,9.1104,18.3463,76.95,78,75,14.97
339,Miguel Calmon,BR,2022-10-22 18:45:36,-11.4289,-40.595,88.41,31,99,6.33
340,Esperance,AU,2022-10-22 18:45:36,-33.8667,121.9,53.58,82,80,12.93
341,Providencia,MX,2022-10-22 18:45:37,28.7167,-111.5833,87.21,61,99,12.95
342,Agropoli,IT,2022-10-22 18:45:37,40.3469,14.9966,66.09,90,100,3.51
343,Hofn,IS,2022-10-22 18:45:38,64.2539,-15.2082,37.92,73,100,6.44
344,Sheregesh,RU,2022-10-22 18:45:38,52.9209,87.9869,42.35,78,99,4.92
345,Sechura,PE,2022-10-22 18:45:40,-5.5569,-80.8222,73.63,60,64,14.85
346,Batemans Bay,AU,2022-10-22 18:45:41,-35.7167,150.1833,63.1,95,100,5.39
347,Izhma,RU,2022-10-22 18:45:42,65.0083,53.9113,31.33,79,94,7.87
348,Momostenango,GT,2022-10-22 18:45:42,15.0436,-91.4086,75.15,61,92,3.74
349,Kidal,ML,2022-10-22 18:45:43,18.4411,1.4078,83.39,13,87,10.6
350,Sokoni,TZ,2022-10-22 18:45:44,-6.4333,39.55,76.86,83,6,11.74
351,Ambanja,MG,2022-10-22 18:45:45,-13.6833,48.45,72.19,82,0,2.24
352,Aquiraz,BR,2022-10-22 18:45:46,-3.9014,-38.3911,87.46,68,74,13.56
353,Soller,ES,2022-10-22 18:45:47,39.7662,2.7152,74.82,79,100,4.81
354,Mouila,GA,2022-10-22 18:45:47,-1.8685,11.0559,75.34,95,100,3.33
355,Havoysund,NO,2022-10-22 18:45:48,70.9963,24.6622,40.78,79,99,30.67
356,Saint-Augustin,CA,2022-10-22 18:45:49,51.226,-58.6502,55.6,57,22,18.57
357,Alyangula,AU,2022-10-22 18:45:49,-13.8483,136.4192,82.18,79,3,12.88
358,Petervasara,HU,2022-10-22 18:45:50,48.0167,20.1,51.21,83,100,2.84
359,Hamilton,US,2022-10-22 18:44:39,39.1834,-84.5333,77.76,46,0,10.36
360,Mitzic,GA,2022-10-22 18:45:52,0.7821,11.549,70.05,98,100,1.97
361,Wanning,CN,2022-10-22 18:45:52,18.8003,110.3967,70.79,89,20,6.55
362,Ukiah,US,2022-10-22 18:45:53,39.1502,-123.2078,68.16,45,0,10.36
363,Marawi,PH,2022-10-22 18:45:54,7.9986,124.2928,68.65,95,100,0.47
364,Makakilo City,US,2022-10-22 18:45:54,21.3469,-158.0858,79.45,75,75,6.91
365,Kachug,RU,2022-10-22 18:45:55,53.9606,105.8817,30.24,87,100,2.84
366,Tabou,CI,2022-10-22 18:45:55,4.423,-7.3528,77.4,87,15,6.33
367,Taoudenni,ML,2022-10-22 18:46:56,22.6783,-3.9836,90.23,12,99,4.81
368,Santa Cruz,BO,2022-10-22 18:44:27,-17.8,-63.1667,86.05,48,75,5.75
369,Tamboril,DO,2022-10-22 18:46:57,19.4854,-70.611,90.37,52,40,8.05
370,Vinukonda,IN,2022-10-22 18:46:57,16.05,79.75,72.14,81,100,6.06
371,Sinazongwe,ZM,2022-10-22 18:46:58,-17.2614,27.4618,80.35,48,1,2.86
372,Amga,RU,2022-10-22 18:46:59,60.8953,131.9608,17.92,98,100,0.96
373,Komsomolskiy,UZ,2022-10-22 18:47:00,40.4272,71.7189,54.32,62,100,11.5
374,Mackay,AU,2022-10-22 18:45:28,-21.15,149.2,72.68,86,22,3.49
375,Iracoubo,GF,2022-10-22 18:47:00,5.4802,-53.2011,84.61,70,64,13.15
376,Saint George,US,2022-10-22 18:47:01,37.1041,-113.5841,80.8,21,0,18.41
377,Mumford,GH,2022-10-22 18:47:02,5.2618,-0.759,79.11,83,63,7.96
378,Acarau,BR,2022-10-22 18:47:02,-2.8856,-40.12,83.53,69,62,18.1
379,Lorengau,PG,2022-10-22 18:47:03,-2.0226,147.2712,80.33,66,92,4.09
380,Dargaville,NZ,2022-10-22 18:47:03,-35.9333,173.8833,51.62,81,0,3.18
381,Mbala,ZM,2022-10-22 18:47:04,-8.8402,31.3659,69.67,43,89,4.54
382,Sovetskiy,RU,2022-10-22 18:47:04,61.3614,63.5842,31.03,73,25,11.97
383,Weyburn,CA,2022-10-22 18:45:29,49.6668,-103.8511,44.82,81,100,5.75
384,Uruzgan,AF,2022-10-22 18:47:05,32.8333,66.0,54.45,15,0,0.72
385,Port Hardy,CA,2022-10-22 18:45:27,50.6996,-127.4199,50.18,81,75,9.22
386,Llandrindod Wells,GB,2022-10-22 18:47:07,52.2416,-3.3787,57.38,96,100,3.29
387,Yatou,CN,2022-10-22 18:47:07,37.15,122.3833,53.69,52,0,11.79
388,Trairi,BR,2022-10-22 18:46:00,-3.2778,-39.2689,82.89,69,100,14.07
389,Bonfim,BR,2022-10-22 18:47:08,3.0833,-59.95,92.73,46,95,7.11
390,Vuktyl,RU,2022-10-22 18:47:09,63.8567,57.3094,29.46,84,81,9.46
391,Agirish,RU,2022-10-22 18:47:09,61.9247,63.0231,29.8,74,10,12.82
392,Pinehurst,US,2022-10-22 18:47:10,35.1954,-79.4695,74.12,43,0,8.05
393,Itoman,JP,2022-10-22 18:47:10,26.1247,127.6694,78.82,94,75,10.36
394,Amboasary,MG,2022-10-22 18:47:11,-25.0333,46.3833,73.85,74,0,4.47
395,Alofi,NU,2022-10-22 18:47:11,-19.0595,-169.9187,73.29,94,100,1.14
396,Jalu,LY,2022-10-22 18:47:12,29.0331,21.5482,69.49,43,0,9.53
397,Ormara,PK,2022-10-22 18:47:12,25.2088,64.6357,81.54,62,0,10.74
398,Raymondville,US,2022-10-22 18:47:16,26.4815,-97.7831,88.09,43,0,17.34
399,Erenhot,CN,2022-10-22 18:47:16,43.6475,111.9767,38.86,45,0,5.84
400,Pozo Colorado,PY,2022-10-22 18:47:17,-23.4923,-58.7972,90.21,26,0,9.64
401,Nizwa,OM,2022-10-22 18:47:17,22.9333,57.5333,75.51,34,0,0.96
402,Tawang,IN,2022-10-22 18:47:18,27.5833,91.8667,39.96,68,1,6.38
403,Salinas,US,2022-10-22 18:47:18,36.6777,-121.6555,70.02,71,100,14.97
404,Ostrovnoy,RU,2022-10-22 18:47:19,68.0531,39.5131,36.91,92,100,23.98
405,Ankazoabo,MG,2022-10-22 18:47:20,-22.2833,44.5167,73.6,64,11,1.57
406,Griffin,US,2022-10-22 18:46:16,33.2468,-84.2641,74.26,28,0,5.75
407,Yakeshi,CN,2022-10-22 18:47:21,49.2833,120.7333,22.93,71,2,2.95
408,Petropavlovsk-Kamchatskiy,RU,2022-10-22 18:47:22,53.0452,158.6483,25.39,100,40,2.24
409,Olinda,BR,2022-10-22 18:47:23,-8.0089,-34.8553,82.13,69,75,10.36
410,Paamiut,GL,2022-10-22 18:47:24,61.994,-49.6678,37.76,87,100,23.89
411,Nome,US,2022-10-22 18:47:24,64.5011,-165.4064,33.87,87,100,3.44
412,Orlovskiy,RU,2022-10-22 18:47:25,46.8714,42.0592,43.47,51,100,3.91
413,Litovko,RU,2022-10-22 18:48:26,49.2361,135.1742,34.27,98,100,2.3
414,Tura,IN,2022-10-22 18:48:26,25.5198,90.2201,69.69,73,43,5.39
415,Bilibino,RU,2022-10-22 18:48:27,68.0546,166.4372,5.9,98,100,1.83
416,Chapleau,CA,2022-10-22 18:45:26,47.8405,-83.4034,53.69,66,75,2.3
417,Hami,CN,2022-10-22 18:48:28,42.8,93.45,53.8,29,0,4.43
418,Silver City,US,2022-10-22 18:48:28,32.7701,-108.2803,69.76,65,100,8.99
419,Inyonga,TZ,2022-10-22 18:48:29,-6.7167,32.0667,78.3,26,99,5.21
420,Zyryanka,RU,2022-10-22 18:48:29,65.75,150.85,-4.99,97,68,5.57
421,Camopi,GF,2022-10-22 18:48:30,3.1655,-52.3158,95.81,36,100,4.03
422,Amapa,BR,2022-10-22 18:48:30,1.0,-52.0,90.21,45,91,6.06
423,Adrar,MR,2022-10-22 18:48:31,20.5022,-10.0711,87.87,11,5,5.61
424,Isilkul,RU,2022-10-22 18:48:31,54.9109,71.2728,31.37,92,100,18.81
425,Kahului,US,2022-10-22 18:48:32,20.8947,-156.47,81.97,74,20,11.01
426,Sao Raimundo Nonato,BR,2022-10-22 18:48:32,-9.0153,-42.6994,96.13,25,76,7.09
427,Karaton,ID,2022-10-22 18:48:33,-6.3424,106.1045,73.69,95,99,4.52
428,Ayan,RU,2022-10-22 18:48:34,56.45,138.1667,33.19,61,26,13.33
429,Bubaque,GW,2022-10-22 18:48:34,11.2833,-15.8333,83.62,73,51,7.07
430,Belle Glade,US,2022-10-22 18:45:53,26.6845,-80.6676,85.01,56,0,11.32
431,Cherskiy,RU,2022-10-22 18:48:36,68.75,161.3,12.97,96,100,7.34
432,Christchurch,NZ,2022-10-22 18:47:42,-43.5333,172.6333,53.91,86,8,4.61
433,Pulivendla,IN,2022-10-22 18:48:37,14.4167,78.2333,73.69,76,100,1.32
434,Virginia Beach,US,2022-10-22 18:47:57,36.8529,-75.978,71.64,64,75,10.36
435,Varkkallai,IN,2022-10-22 18:48:38,8.7341,76.7067,80.38,85,100,0.51
436,Hargeysa,SO,2022-10-22 18:48:39,9.56,44.065,69.49,72,13,6.98
437,Libenge,CD,2022-10-22 18:48:40,3.65,18.6333,72.66,96,100,1.12
438,Bam,IR,2022-10-22 18:48:40,29.106,58.357,76.3,15,0,5.46
439,High Level,CA,2022-10-22 18:48:41,58.5169,-117.136,32.11,100,100,2.3
440,Mattru,SL,2022-10-22 18:48:41,7.6244,-11.8332,75.45,96,61,3.53
441,Micheweni,TZ,2022-10-22 18:48:42,-4.9667,39.8333,75.58,87,7,7.74
442,Khowst,AF,2022-10-22 18:48:42,33.3833,69.8833,60.82,46,0,1.32
443,Opportunity,US,2022-10-22 18:48:43,47.6499,-117.2399,46.49,86,75,3.44
444,Magadan,RU,2022-10-22 18:48:43,59.5667,150.8,16.2,68,100,9.57
445,Rameshki,RU,2022-10-22 18:48:45,57.3439,36.0453,40.42,85,100,5.35
446,Opuwo,NA,2022-10-22 18:48:48,-18.0607,13.84,79.07,34,30,7.85
447,Piotrkow Trybunalski,PL,2022-10-22 18:48:49,51.4055,19.7032,55.11,10,100,12.06
448,Punta Alta,AR,2022-10-22 18:45:50,-38.8759,-62.0736,59.2,34,0,8.01
449,Kungurtug,RU,2022-10-22 18:48:49,50.5994,97.5228,32.27,61,7,2.75
450,Garhakota,IN,2022-10-22 18:48:50,23.7667,79.15,67.84,65,0,2.48
451,Harpanahalli,IN,2022-10-22 18:48:50,14.8,75.9833,68.77,72,20,8.3
452,Novoagansk,RU,2022-10-22 18:48:51,61.9449,76.6625,30.02,90,100,10.11
453,Sedro-Woolley,US,2022-10-22 18:48:51,48.5039,-122.2361,52.25,85,100,1.01
454,Likasi,CD,2022-10-22 18:48:52,-10.9814,26.7333,76.55,38,100,5.23
455,Beringovskiy,RU,2022-10-22 18:48:52,63.05,179.3167,28.83,89,99,9.28
456,Rawson,AR,2022-10-22 18:48:53,-43.3002,-65.1023,79.09,12,0,13.8
457,Brignoles,FR,2022-10-22 18:48:53,43.4,6.0667,68.7,86,74,3.24
458,Katakwi,UG,2022-10-22 18:48:54,1.8911,33.9661,70.09,69,52,5.08
459,Baruun-Urt,MN,2022-10-22 18:48:55,46.6806,113.2792,29.59,54,0,6.22
460,Baleshwar,IN,2022-10-22 18:48:56,21.4942,86.9317,73.11,76,100,7.29
461,Sistranda,NO,2022-10-22 18:49:57,63.7256,8.834,44.56,77,100,10.83
462,Pitiquito,MX,2022-10-22 18:49:57,30.7,-112.0833,86.22,38,98,21.5
463,Macherla,IN,2022-10-22 18:49:58,16.4833,79.4333,70.63,80,40,4.65
464,Broome,US,2022-10-22 18:49:59,42.2506,-75.833,69.89,36,0,11.5
465,Manggar,ID,2022-10-22 18:49:59,-2.8833,108.2667,78.73,86,100,4.29
466,Broken Hill,AU,2022-10-22 18:48:52,-31.95,141.4333,64.99,67,100,7.36
467,Hanmer Springs,NZ,2022-10-22 18:50:00,-42.5167,172.8167,52.0,73,0,6.82
468,Sur,OM,2022-10-22 18:50:00,22.5667,59.5289,77.07,74,0,3.53
469,Mogadishu,SO,2022-10-22 18:50:02,2.0371,45.3438,77.86,82,87,13.35
470,Hay River,CA,2022-10-22 18:50:03,60.8156,-115.7999,28.38,86,75,9.22
471,Comodoro Rivadavia,AR,2022-10-22 18:50:03,-45.8667,-67.5,71.46,7,0,19.57
472,Matara,LK,2022-10-22 18:50:04,5.9485,80.5353,76.35,90,100,6.76
473,Ko Samui,TH,2022-10-22 18:50:04,9.5357,99.9357,81.28,78,73,5.44
474,Aleksandrov Gay,RU,2022-10-22 18:50:05,50.147,48.5704,43.14,51,100,5.68
475,Dromolaxia,CY,2022-10-22 18:50:08,34.8761,33.586,69.73,61,0,6.91
476,Homer,US,2022-10-22 18:49:59,59.6425,-151.5483,39.79,89,0,10.0
477,Sibu,MY,2022-10-22 18:50:09,2.3,111.8167,75.51,100,40,0.0
478,Yucca Valley,US,2022-10-22 18:49:13,34.1142,-116.4322,75.87,29,0,18.01
479,New Glasgow,CA,2022-10-22 18:50:10,45.5834,-62.6486,65.98,54,1,9.33
480,Benjamin Aceval,PY,2022-10-22 18:50:11,-24.9667,-57.5667,84.6,42,0,9.31
481,Simbahan,PH,2022-10-22 18:50:11,6.3032,120.5836,82.54,78,100,7.38
482,Padang,ID,2022-10-22 18:50:12,-0.9492,100.3543,77.05,87,42,2.39
483,Sobolevo,RU,2022-10-22 18:50:13,54.4299,31.8996,40.28,84,100,7.96
484,Taitung,TW,2022-10-22 18:50:14,22.7583,121.1444,78.93,89,97,7.05
485,Marquette,US,2022-10-22 18:50:15,46.5333,-87.6335,63.77,68,45,6.71
486,Ransang,PH,2022-10-22 18:50:15,8.9603,117.5828,79.07,85,100,2.04
487,Sao Filipe,CV,2022-10-22 18:50:16,14.8961,-24.4956,80.82,68,6,7.78
488,Codrington,AU,2022-10-22 18:50:17,-38.2667,141.9667,55.33,91,100,12.71
489,Makinsk,KZ,2022-10-22 18:50:18,52.6292,70.4169,29.97,93,100,26.13
490,Harindanga,IN,2022-10-22 18:50:19,22.0383,88.3214,75.51,77,100,7.85
491,Port Antonio,JM,2022-10-22 18:50:19,18.18,-76.4612,87.71,68,99,7.54
492,Shitanjing,CN,2022-10-22 18:50:20,39.2342,106.3439,45.73,30,0,1.54
493,Sao Joao Da Barra,BR,2022-10-22 18:50:20,-21.6403,-41.0511,86.09,81,32,12.55
494,Inhambane,MZ,2022-10-22 18:50:21,-23.865,35.3833,73.29,85,4,6.8
495,Sawakin,SD,2022-10-22 18:50:21,19.1059,37.3321,85.41,71,100,7.07
496,Waingapu,ID,2022-10-22 18:50:22,-9.6567,120.2641,80.51,81,100,1.97
497,Murray Bridge,AU,2022-10-22 18:50:23,-35.1167,139.2667,59.13,92,100,5.75
498,Semporna,MY,2022-10-22 18:50:23,4.4818,118.6112,78.73,84,100,2.08
499,Atbasar,KZ,2022-10-22 18:50:24,51.8,68.3333,30.09,88,100,25.3
500,Lamar,US,2022-10-22 18:50:24,33.6668,-95.5836,82.98,55,0,25.32
501,Islahiye,TR,2022-10-22 18:50:25,37.025,36.6306,61.97,44,0,2.33
502,Qui Nhon,VN,2022-10-22 18:50:26,13.7667,109.2333,75.74,92,100,7.99
503,Atar,MR,2022-10-22 18:50:26,20.5169,-13.0499,91.9,11,0,13.38
504,Verkhoyansk,RU,2022-10-22 18:50:27,67.5447,133.385,4.17,98,96,2.13
505,Havelock,US,2022-10-22 18:51:27,34.8791,-76.9013,73.98,59,0,20.71
506,Goure,NE,2022-10-22 18:51:28,13.9835,10.2704,86.2,15,96,9.46
507,Shizunai,JP,2022-10-22 18:51:28,42.3339,142.3669,53.11,73,70,10.78
508,Vityazevo,RU,2022-10-22 18:51:29,44.9931,37.2719,50.41,76,0,11.18
509,Nonoichi,JP,2022-10-22 18:48:52,36.5333,136.6167,63.05,79,94,7.49
510,Contamana,PE,2022-10-22 18:51:30,-7.3333,-75.0167,91.44,49,100,5.68
511,Totoral,PE,2022-10-22 18:51:31,-17.4053,-70.365,71.85,29,0,12.03
512,Talnakh,RU,2022-10-22 18:51:31,69.4865,88.3972,29.21,95,94,8.39
513,Yumen,CN,2022-10-22 18:51:32,40.2833,97.2,43.97,31,0,1.79
514,Porvoo,FI,2022-10-22 18:51:33,60.3923,25.6651,47.23,84,92,7.27
515,Beroroha,MG,2022-10-22 18:51:34,-21.6667,45.1667,74.55,72,92,5.14
516,Camacha,PT,2022-10-22 18:51:34,33.0833,-16.3333,67.42,78,20,12.66
517,Qasigiannguit,GL,2022-10-22 18:51:35,68.8193,-51.1922,31.5,87,100,8.1
518,Abnub,EG,2022-10-22 18:51:35,27.2696,31.1511,75.42,41,0,6.71
519,Kulhudhuffushi,MV,2022-10-22 18:51:36,6.6221,73.07,80.92,82,100,11.7
520,Plaridel,PH,2022-10-22 18:51:36,14.8872,120.8572,82.38,91,89,4.29
521,San Quintin,MX,2022-10-22 18:51:37,30.4833,-115.95,68.32,71,99,10.38
522,Filadelfia,US,2022-10-22 18:51:37,39.9523,-75.1638,72.01,41,20,3.44
523,Vila Vicosa,PT,2022-10-22 18:51:38,38.7777,-7.4179,61.68,82,100,10.76
524,Tateyama,JP,2022-10-22 18:51:38,34.9833,139.8667,71.08,72,7,16.53
525,Naustdal,NO,2022-10-22 18:51:39,61.509,5.7168,41.59,94,47,4.72
526,Tevriz,RU,2022-10-22 18:51:40,57.509,72.4042,30.65,77,100,6.55
527,Kuytun,RU,2022-10-22 18:51:40,54.3419,101.5036,33.08,89,84,6.82
528,Kargil,IN,2022-10-22 18:51:41,34.5667,76.1,37.87,35,0,1.63
529,Ketchikan,US,2022-10-22 18:46:58,55.3422,-131.6461,46.87,71,40,5.75
530,Sherlovaya Gora,RU,2022-10-22 18:51:42,50.5667,116.25,25.16,72,0,2.28
531,Half Moon Bay,US,2022-10-22 18:51:42,37.4636,-122.4286,71.06,63,0,28.77
532,Pakxan,LA,2022-10-22 18:51:43,18.3778,103.6601,72.81,79,97,3.09
533,Fort-Shevchenko,KZ,2022-10-22 18:51:43,44.5086,50.263,48.83,60,97,2.46
534,Traian,RO,2022-10-22 18:51:44,46.6333,27.0333,56.91,55,0,9.22
535,Oriximina,BR,2022-10-22 18:51:44,-1.7656,-55.8661,92.35,46,100,4.38
536,Oshawa,CA,2022-10-22 18:50:17,43.9001,-78.8496,69.89,45,0,9.22
537,Churapcha,RU,2022-10-22 18:51:45,62.0025,132.4325,7.39,98,100,1.88
538,Poya,NC,2022-10-22 18:51:46,-21.35,165.15,73.47,75,100,8.77
539,Pangody,RU,2022-10-22 18:51:46,65.85,74.4859,30.49,83,100,15.84
540,San Antonio,US,2022-10-22 18:48:56,29.4241,-98.4936,86.94,47,0,14.97
541,Moerai,PF,2022-10-22 18:51:47,-22.4333,-151.3333,73.85,82,69,16.71
542,Rodrigues Alves,BR,2022-10-22 18:51:48,-7.738,-72.6509,84.4,62,100,3.58
543,Ipoti,NG,2022-10-22 18:51:48,7.8738,5.0769,74.16,72,14,2.53
544,Kapuskasing,CA,2022-10-22 18:47:50,49.4169,-82.4331,46.49,93,100,6.91
545,Matamoros,MX,2022-10-22 18:51:49,25.5333,-103.25,80.11,23,38,4.21
546,Dzilam Gonzalez,MX,2022-10-22 18:51:50,21.2833,-88.9333,82.22,45,2,8.63
547,Cap Malheureux,MU,2022-10-22 18:51:50,-19.9842,57.6142,73.47,72,5,4.0
548,Hailar,CN,2022-10-22 18:51:51,49.2,119.7,26.13,53,6,4.59
549,Vila Do Maio,CV,2022-10-22 18:51:52,15.1333,-23.2167,86.79,78,0,13.13
550,Cobija,BO,2022-10-22 18:52:52,-11.0267,-68.7692,73.58,94,100,3.44
551,Orotukan,RU,2022-10-22 18:52:53,62.2667,151.7,-0.81,99,100,3.04
552,Umm Lajj,SA,2022-10-22 18:52:53,25.0213,37.2685,80.85,69,0,8.97
553,Fare,PF,2022-10-22 18:52:54,-16.7,-151.0167,78.91,75,10,16.17
554,Sao Desiderio,BR,2022-10-22 18:52:54,-12.3633,-44.9733,87.1,33,100,6.71
555,Manali,IN,2022-10-22 18:52:55,13.1667,80.2667,84.29,78,100,10.56
556,Sembakung,ID,2022-10-22 18:52:55,3.8167,117.25,73.94,99,97,2.19
557,Cotonou,BJ,2022-10-22 18:48:26,6.3654,2.4183,82.38,83,40,8.05
558,New Bedford,US,2022-10-22 18:52:56,41.6362,-70.9342,69.01,58,0,10.0
559,Hervey Bay,AU,2022-10-22 18:52:57,-25.2986,152.8535,66.02,96,100,17.0
560,Novyy Urengoy,RU,2022-10-22 18:48:33,66.0833,76.6333,29.37,92,100,11.86
561,Sribne,UA,2022-10-22 18:52:57,50.6638,32.9187,48.06,72,100,12.91
